id,Video_Id,Title,Channel_Name,Category,Description,Views,Likes,Dislikes,Comments,Date,Time,Thumb,Video
42,0qvqr5YQxOy1povX,Angrezi Medium - Official Trailer  Irrfan Kareena Radhika  Dinesh Vijan  Homi Adajania  13 March,shubhum, Comedy Drama,A sequel to the 2017 film Hindi Medium.,71,0,0,,07-03-2020,09:19,media/Angrezi_Medium_-_Official_Trailer__Irrfan_Kareena_Radhika__Dinesh_Vijan__Homi_Adaj_Rw5yPt8.jpg,media/Angrezi_Medium_-_Official_Trailer__Irrfan_Kareena_Radhika__Dinesh_Vijan__Homi_Adaj_JxlE5un.mp4
43,lZ2JbsjBXJwPOvrP,Baahubali 2 - The Conclusion  Official Trailer (Hindi)  SS Rajamouli  Prabhas  Rana Daggubati,shubhum, Action Drama,"When Mahendra, the son of Bahubali, learns about his heritage, he begins to look for answers. His story is juxtaposed with past events that unfolded in the Mahishmati Kingdom.",4,0,0,,07-03-2020,09:19,media/Baahubali_2_-_The_Conclusion__Official_Trailer_Hindi__SS_Rajamouli__Prabhas__Rana__uKRPLa4.jpg,media/Baahubali_2_-_The_Conclusion__Official_Trailer_Hindi__SS_Rajamouli__Prabhas__Rana__R5iJe3H.mp4
44,7pGeum1P9Q251t5F,Baazaar - Official Trailer  Saif Ali Khan Rohan Mehra Radhika A Chitrangda S  Gauravv K Chawla,shubhum, Crime Drama Thriller,Power struggles ensue in a gang after the sudden death of their leader.,3,0,0,,07-03-2020,09:19,media/Baazaar_-_Official_Trailer__Saif_Ali_Khan_Rohan_Mehra_Radhika_A_Chitrangda_S__Gaur_0PDFahl.jpg,media/Baazaar_-_Official_Trailer__Saif_Ali_Khan_Rohan_Mehra_Radhika_A_Chitrangda_S__Gaur_eLtEXiQ.mp4
45,JQN4w6cW5lsjEhEV,Badla - Official Trailer  Amitabh Bachchan  Taapsee Pannu  Sujoy Ghosh  8th March 2019,shubhum,,"A vessel named 'Star of Asia' sinks with 6 Crores Rupees worth of gold and diamonds. Interpol gets involved and they assign an Agent, Himadhri Choudhry, who has a sweetheart in Leena Saigol, to work incognito for her dad, Preetam. Soon he will be asked to travel to Tokyo where an employee of the Indian Embassy, Marikawa, is waiting to first seduce, and then have him killed.",1,0,0,,07-03-2020,09:19,media/Badla_-_Official_Trailer__Amitabh_Bachchan__Taapsee_Pannu__Sujoy_Ghosh__8th_March_2019.jpg,media/Badla_-_Official_Trailer__Amitabh_Bachchan__Taapsee_Pannu__Sujoy_Ghosh__8th_March_2019.mp4
46,fwtdiKwmaJepvw1M,Badrinath Ki Dulhania - Official Trailer  Karan Johar  Varun Dhawan  Alia Bhatt,shubhum, Comedy Drama Romance,Badrinath is looking for a typical bride; Vaidehi is looking for an independent life. Together they must break with tradition and redefine their role,0,0,0,,07-03-2020,09:19,media/Badrinath_Ki_Dulhania_-_Official_Trailer__Karan_Johar__Varun_Dhawan__Alia_Bhatt.jpg,media/Badrinath_Ki_Dulhania_-_Official_Trailer__Karan_Johar__Varun_Dhawan__Alia_Bhatt.mp4
47,gN7ieEnr57CJRZFd,Bala - Official Trailer  Ayushmann Khurrana Bhumi Yami  Dinesh Vijan  Amar Kaushik 8th Nov,shubhum, Action,"Gloria finds a power she never knew she had when she is drawn into a dangerous world of cross-border crime. Surviving will require all of her cunning, inventiveness, and strength.",1,0,0,,07-03-2020,09:19,media/Bala_-_Official_Trailer__Ayushmann_Khurrana_Bhumi_Yami__Dinesh_Vijan__Amar_Kaushik_8th_Nov.jpg,media/Bala_-_Official_Trailer__Ayushmann_Khurrana_Bhumi_Yami__Dinesh_Vijan__Amar_Kaushik_8th_Nov.mp4
48,0vh0pYbBM1ml3tZv,Begum Jaan - Official Trailer Vidya Balan  Srijit Mukherji,shubhum, Action Drama History,"On the eve of Independence, the chairman of the Border Commission, Sir Cyril Radcliffe decides to divide India and Pakistan into equitable halves. What the administration doesn’t account for is the line running through the middle of Begum Jaan’s brothel situated plonk on the border; with one half falling in India and the other in Pakistan.",1,0,0,,07-03-2020,09:19,media/Begum_Jaan_-_Official_Trailer_Vidya_Balan__Srijit_Mukherji.jpg,media/Begum_Jaan_-_Official_Trailer_Vidya_Balan__Srijit_Mukherji.mp4
49,JTywbgVVfYdZHDPz,Behen Hogi Teri - Official Trailer  Rajkummar Rao  Shruti Haasan  Gautam Gulati,shubhum, Comedy Drama Romance,"Owing to the condition that the girls of the neighborhood should be treated like one's own sister, Gattu works to capture Binny's heart and the approval of his community.",1,0,0,,07-03-2020,09:19,media/Behen_Hogi_Teri_-_Official_Trailer__Rajkummar_Rao__Shruti_Haasan__Gautam_Gulati.jpg,media/Behen_Hogi_Teri_-_Official_Trailer__Rajkummar_Rao__Shruti_Haasan__Gautam_Gulati.mp4
50,GLHX7x3laGUiTdDp,Bhangra Paa Le - Official Trailer  Sunny Kaushal Rukshar Dhillon  Sneha Taurani,shubhum, Music,Jaggi comes from a Punjabi background and he aspires to take the popular Punjabi dance form of 'Bhangra' to an international platform and passionately works towards his dream. He meets his college rival in Simi and they both compete with each other to win the international dance competition.,0,0,0,,07-03-2020,09:19,media/Bhangra_Paa_Le_-_Official_Trailer__Sunny_Kaushal_Rukshar_Dhillon__Sneha_Taurani.jpg,media/Bhangra_Paa_Le_-_Official_Trailer__Sunny_Kaushal_Rukshar_Dhillon__Sneha_Taurani.mp4
51,YShhSb0UqSOjwqwz,Bhoot The Haunted Ship -  OFFICIAL TRAILER  Vicky Kaushal & Bhumi Pednekar  Bhanu Pratap Singh,shubhum, Horror Thriller,"When an abandoned haunted ship called 'Sea Bird' washes up on the shores of Mumbai, surveying officer Prithvi is assigned to solve the mystery and close the case",0,0,0,,07-03-2020,09:19,media/Bhoot_The_Haunted_Ship_-__OFFICIAL_TRAILER__Vicky_Kaushal__Bhumi_Pednekar__Bhanu_P_1bzHr7R.jpg,media/Bhoot_The_Haunted_Ship_-__OFFICIAL_TRAILER__Vicky_Kaushal__Bhumi_Pednekar__Bhanu_P_ZnZultZ.mp4
52,0WNQL4joTUDpt9vk,Chhapaak -  Official Trailer  Deepika Padukone  Vikrant Massey  Meghna Gulzar  10 January 2020,shubhum, Drama,"A true story based on acid attack survivor Malti's (Laxmi Agarwal) grueling and glorious journey from her medical treatment, court proceedings leading to her emotional healing.",0,0,0,,07-03-2020,09:19,media/Chhapaak_-__Official_Trailer__Deepika_Padukone__Vikrant_Massey__Meghna_Gulzar__10__bwnstHj.jpg,media/Chhapaak_-__Official_Trailer__Deepika_Padukone__Vikrant_Massey__Meghna_Gulzar__10__MWoMJgI.mp4
53,GxUSPIQOIhrVobWS,Chhichhore - Official Trailer  Nitesh Tiwari  Sushant  Shraddha  Sajid Nadiadwala  6th Sept,shubhum, Comedy Romance,Following a group of friends from university as they progress into middle-age life and go their own separate ways.,0,0,0,,07-03-2020,09:19,media/Chhichhore_-_Official_Trailer__Nitesh_Tiwari__Sushant__Shraddha__Sajid_Nadiadwala__ms46hyz.jpg,media/Chhichhore_-_Official_Trailer__Nitesh_Tiwari__Sushant__Shraddha__Sajid_Nadiadwala__5xGmPIf.mp4
54,RD11aokZsvyNUEIA,Commando 3 - Official Trailer,shubhum, Action Thriller,A mysterious man is on an impending mission to attack the country from his base in London. Karan Singh Dogra sets out to hunt down the antagonist aided by the British Intelligence.,0,0,0,,07-03-2020,09:19,media/Commando_3_-_Official_Trailer.jpg,media/Commando_3_-_Official_Trailer.mp4
55,TZrhgE0cN15WoLsb,Dabangg 3 - Official Trailer  Salman Khan  Sonakshi Sinha  Prabhu Deva  20th Dec19,shubhum, Action,"Chulbul this time has to take on a criminal named Balli Singh, who has disrupted other people's lives with his annoying antics.",0,0,0,,07-03-2020,09:20,media/Dabangg_3_-_Official_Trailer__Salman_Khan__Sonakshi_Sinha__Prabhu_Deva__20th_Dec19.jpg,media/Dabangg_3_-_Official_Trailer__Salman_Khan__Sonakshi_Sinha__Prabhu_Deva__20th_Dec19.mp4
56,3n9uEch05Dx2Had7,DARBAR - (Hindi)  Official Trailer  Rajinikanth  AR Murugadoss  Anirudh  In Cinemas Now,shubhum,,,0,0,0,,07-03-2020,09:20,media/DARBAR_-_Hindi__Official_Trailer__Rajinikanth__AR_Murugadoss__Anirudh__In_Cinemas_Now.jpg,media/DARBAR_-_Hindi__Official_Trailer__Rajinikanth__AR_Murugadoss__Anirudh__In_Cinemas_Now.mp4
57,l6tIBy4fFzP0m8LB,Dobaara - See Your Evil  Official Trailer  Huma Qureshi Saqib Saleem,shubhum, Romance,"22-year-old Parvathy is a free-spirited girl who loves to live life on her terms. However, when she is left with no option but to tie the knot with a man of her parents' choice, her life takes a 360 degree turn. Mohan and Parvathy migrate, and this marks the beginning of their new life together. But Mohan's priorities are clearly defined from the very start of their relationship. He invests all his time in his work. His intentions are pure; to build the perfect life for his family. But with a new addition to the family and as the years go by, Mohan gets further involved in his work. It is only after their son, Rohit, graduates that Parvathy decides to take a drastic step, shaking up her 20 years of marriage.",0,0,0,,07-03-2020,09:20,media/Dobaara_-_See_Your_Evil__Official_Trailer__Huma_Qureshi_Saqib_Saleem.jpg,media/Dobaara_-_See_Your_Evil__Official_Trailer__Huma_Qureshi_Saqib_Saleem.mp4
58,qzBG4OrGSerKXnZj,Dream Girl - Official Trailer  Ayushmann Khurrana Nushrat Bharucha  13th Sep,shubhum,,"A young woman spends much of her time fantasizing about what might be, but a realistic admirer tries to convince her to live the life she has.",0,0,0,,07-03-2020,09:20,media/Dream_Girl_-_Official_Trailer__Ayushmann_Khurrana_Nushrat_Bharucha__13th_Sep.jpg,media/Dream_Girl_-_Official_Trailer__Ayushmann_Khurrana_Nushrat_Bharucha__13th_Sep.mp4
59,Pn8ewDqSfnGvX08P,Ek Ladki Ko Dekha Toh Aisa Laga - Official Trailer  Anil  Sonam  Rajkummar  Juhi  1st Feb19,shubhum, Comedy Drama Romance,Sweety has to contend with her over-enthusiastic family that wants her to get married but the ultimate truth is that her love might not find acceptance in her family and society.,0,0,0,,07-03-2020,09:20,media/Ek_Ladki_Ko_Dekha_Toh_Aisa_Laga_-_Official_Trailer__Anil__Sonam__Rajkummar__Juhi___A9XUWRC.jpg,media/Ek_Ladki_Ko_Dekha_Toh_Aisa_Laga_-_Official_Trailer__Anil__Sonam__Rajkummar__Juhi___3Ki5oP1.mp4
60,d7FPplraXTRGJTTV,Game Over - Hindi Official Trailer  Taapsee Pannu Ashwin Saravanan  Y Not Studios  June 14,shubhum, Action Comedy,Three friends are on the verge of getting their video game financed when their benefactor is taken hostage by terrorists.,0,0,0,,07-03-2020,09:20,media/Game_Over_-_Hindi_Official_Trailer__Taapsee_Pannu_Ashwin_Saravanan__Y_Not_Studios__June_14.jpg,media/Game_Over_-_Hindi_Official_Trailer__Taapsee_Pannu_Ashwin_Saravanan__Y_Not_Studios__June_14.mp4
61,lHShcYHMhaGctSEK,Good Newwz - Official Trailer  Akshay Kareena Diljit Kiara  Raj Mehta  In cinemas 27th Dec,shubhum, Comedy Drama Family Romance,Two couples with the same surnames pursue in-vitro fertilisation and wait for their upcoming babies. Trouble ensues when they find that the sperms of each couple have been mixed with each other.,0,0,0,,07-03-2020,09:20,media/Good_Newwz_-_Official_Trailer__Akshay_Kareena_Diljit_Kiara__Raj_Mehta__In_cinemas_27th_Dec.jpg,media/Good_Newwz_-_Official_Trailer__Akshay_Kareena_Diljit_Kiara__Raj_Mehta__In_cinemas_27th_Dec.mp4
62,uEwGJbDvVT8QeCK0,Guest in London -  Official Trailer  Paresh Rawal Kartik Aaryan Kriti Kharbanda Tanvi Azmi,shubhum, Comedy,"A young couple in London struggle to live with their estranged aunt and uncle, who overstay their welcome.",0,0,0,,07-03-2020,09:20,media/Guest_in_London_-__Official_Trailer__Paresh_Rawal_Kartik_Aaryan_Kriti_Kharbanda_Tanvi_Azmi.jpg,media/Guest_in_London_-__Official_Trailer__Paresh_Rawal_Kartik_Aaryan_Kriti_Kharbanda_Tanvi_Azmi.mp4
63,5Wq3mWYDx4mCSysl,Gully Boy - Official Trailer  Ranveer Singh  Alia Bhatt  Zoya Akhtar 14th February,shubhum, Documentary Music,The revolution is here. Witness gully rap rises from the streets of Mumbai to the biggest stage in the history of Indian hip-hop. This is an Amazon Prime Exclusive documentary on film Gully Boy's music launch and concert in mumbai.,35,1,1,,07-03-2020,09:20,media/Gully_Boy_-_Official_Trailer__Ranveer_Singh__Alia_Bhatt__Zoya_Akhtar_14th_February.jpg,media/Gully_Boy_-_Official_Trailer__Ranveer_Singh__Alia_Bhatt__Zoya_Akhtar_14th_February.mp4
64,7PrcFnz33ORNwouA,Half Girlfriend - Official Trailer  Arjun Kapoor  Shraddha Kapoor  19th May 2017,shubhum, Drama Romance,"A boy meets a girl named Riya and falls in love. After struggling to convince her to be his girlfriend, she half-heartedly agrees to be his `half-girlfriend'.",0,0,0,,07-03-2020,09:20,media/Half_Girlfriend_-_Official_Trailer__Arjun_Kapoor__Shraddha_Kapoor__19th_May_2017.jpg,media/Half_Girlfriend_-_Official_Trailer__Arjun_Kapoor__Shraddha_Kapoor__19th_May_2017.mp4
65,04sEEbvlAs137Bcn,Housefull 4 - Official TrailerAkshayRiteishBobbyKriti SPoojaKriti KSajid NFarhad Oct 25,shubhum, Comedy Drama,"Three couples who get separated from each other due to an evil ploy, reincarnate after 600 years and meet each other as history repeats itself again and their respective partners get mixed up this time.",0,0,0,,07-03-2020,09:20,media/Housefull_4_-_Official_TrailerAkshayRiteishBobbyKriti_SPoojaKriti_KSajid_NFarhad_Oct_25.jpg,media/Housefull_4_-_Official_TrailerAkshayRiteishBobbyKriti_SPoojaKriti_KSajid_NFarhad_Oct_25.mp4
66,SknMkBvFp1jPA5hG,Indias Most Wanted - Official Trailer  Arjun Kapoor  Raj Kumar Gupta  24th May,shubhum, Action Thriller,Officer Prabhat and his team arrive in Nepal to verify a terror suspect and arrest him within a deadline of four days. A race against time ensues when Pakistani agencies start chasing them.,0,0,0,,07-03-2020,09:20,media/Indias_Most_Wanted_-_Official_Trailer__Arjun_Kapoor__Raj_Kumar_Gupta__24th_May.jpg,media/Indias_Most_Wanted_-_Official_Trailer__Arjun_Kapoor__Raj_Kumar_Gupta__24th_May.mp4
67,o8TxnLerSpLXlH9c,Jawaani Jaaneman - Official Trailer  Saif Ali Khan Tabu Alaya F  Nitin K  31st Jan 2020,shubhum, Comedy,The carefree life of a 40-year-old playboy comes to a standstill when he comes to know that he has a 20 something-year-old daughter.,0,0,0,,07-03-2020,09:20,media/Jawaani_Jaaneman_-_Official_Trailer__Saif_Ali_Khan_Tabu_Alaya_F__Nitin_K__31st_Jan_2020.jpg,media/Jawaani_Jaaneman_-_Official_Trailer__Saif_Ali_Khan_Tabu_Alaya_F__Nitin_K__31st_Jan_2020.mp4
68,mT6XS7cMCzI3H1Xe,Judgementall Hai Kya - Official Trailer  Kangana Ranaut Rajkummar Rao  26th July 2019,shubhum, Comedy Drama Thriller,"When Bobby meets her new tenants, a young married couple, their perfectly normal life leaves her really curious. But then a murder takes place and Bobby suspects Keshav has a role to play in the crime.",0,0,0,,07-03-2020,09:21,media/Judgementall_Hai_Kya_-_Official_Trailer__Kangana_Ranaut_Rajkummar_Rao__26th_July_2019.jpg,media/Judgementall_Hai_Kya_-_Official_Trailer__Kangana_Ranaut_Rajkummar_Rao__26th_July_2019.mp4
69,JAIrDnj6VeWTT7Bd,Kedarnath - Official Trailer  Sushant Singh Rajput  Sara Ali Khan  Abhishek Kapoor  7th December,shubhum, Romance,"Mansoor, a reserved and reticent Pithoo (porter), helps pilgrims make an arduous journey upwards to the temple town. His world turns around when he meets the beautiful and rebellious Mukku who draws him into a whirlwind of intense love.",0,0,0,,07-03-2020,09:21,media/Kedarnath_-_Official_Trailer__Sushant_Singh_Rajput__Sara_Ali_Khan__Abhishek_Kapoor_OH4Mqr8.jpg,media/Kedarnath_-_Official_Trailer__Sushant_Singh_Rajput__Sara_Ali_Khan__Abhishek_Kapoor_ASeh6be.mp4
70,GaJ5ykmeiP0rmapu,Kesari - Official Trailer  Akshay Kumar  Parineeti Chopra  Anurag Singh,shubhum, Action Drama History,"In 1897, an army of 21 Sikhs battles 10,000 Afghans to prevent the Saragarhi Fort from being taken down.",0,0,0,,07-03-2020,09:21,media/Kesari_-_Official_Trailer__Akshay_Kumar__Parineeti_Chopra__Anurag_Singh.jpg,media/Kesari_-_Official_Trailer__Akshay_Kumar__Parineeti_Chopra__Anurag_Singh.mp4
71,9iSpDZEXwKaFUDsS,Laal Kaptaan - Official Trailer 18th October 2019  Saif Ali Khan  Aanand L Rai,shubhum, Action Drama,"In an 18th century setting, a Naga sadhu in India sets out on a journey across Bundelkhand to seek revenge for an injustice committed in the past.",0,0,0,,07-03-2020,09:21,media/Laal_Kaptaan_-_Official_Trailer_18th_October_2019__Saif_Ali_Khan__Aanand_L_Rai.jpg,media/Laal_Kaptaan_-_Official_Trailer_18th_October_2019__Saif_Ali_Khan__Aanand_L_Rai.mp4
72,F7OcfczQcGCxxpXk,Love Aaj Kal - Official Trailer  Kartik Sara Randeep Arushi  Imtiaz Ali  Dinesh Vijan  14 Feb,shubhum, Drama Romance,"Two different individuals on a journey of love, loss and life through the phases of Reincarnation.",0,0,0,,07-03-2020,09:21,media/Love_Aaj_Kal_-_Official_Trailer__Kartik_Sara_Randeep_Arushi__Imtiaz_Ali__Dinesh_Vi_KjHsWdA.jpg,media/Love_Aaj_Kal_-_Official_Trailer__Kartik_Sara_Randeep_Arushi__Imtiaz_Ali__Dinesh_Vi_S0sKwHI.mp4
73,rVzlPzyL8ErfcWzt,Luka Chuppi -  Official Trailer  Kartik Aaryan Kriti Sanon Dinesh Vijan Laxman Utekar  Mar 1,shubhum, Comedy Romance,The story of a television reporter in Mathura who falls in love with a headstrong woman.,0,0,0,,07-03-2020,09:21,media/Luka_Chuppi_-__Official_Trailer__Kartik_Aaryan_Kriti_Sanon_Dinesh_Vijan_Laxman_Ute_9hbO0n4.jpg,media/Luka_Chuppi_-__Official_Trailer__Kartik_Aaryan_Kriti_Sanon_Dinesh_Vijan_Laxman_Ute_40NH6QY.mp4
74,WNiw8emRJIDjPfEt,Manikarnika - The Queen Of Jhansi  Official Trailer  Kangana Ranaut  Releasing 25th January,shubhum, Action Drama History,"Story of Rani Lakshmibai, one of the leading figures of the Indian Rebellion of 1857 and her resistance to the British Rule.",0,0,0,,07-03-2020,09:21,media/Manikarnika_-_The_Queen_Of_Jhansi__Official_Trailer__Kangana_Ranaut__Releasing_25t_YsacW88.jpg,media/Manikarnika_-_The_Queen_Of_Jhansi__Official_Trailer__Kangana_Ranaut__Releasing_25t_q3G8fcf.mp4
75,gOOzfchs6GZyDlzw,Mission Mangal -  Official Trailer  Akshay  Vidya  Sonakshi  Taapsee  Dir Jagan Shakti  15 Aug,shubhum, Drama History,A team of Indian scientists at ISRO (Indian Space Research Organisation) take on the extraordinary task of successfully sending a satellite into the orbit of planet Mars in a country's maiden attempt.,0,0,0,,07-03-2020,09:21,media/Mission_Mangal_-__Official_Trailer__Akshay__Vidya__Sonakshi__Taapsee__Dir_Jagan_Sh_MUX6vcr.jpg,media/Mission_Mangal_-__Official_Trailer__Akshay__Vidya__Sonakshi__Taapsee__Dir_Jagan_Sh_Qwu7fMf.mp4
76,61eBYKiSb14CNXmO,Motichoor Chaknachoor - Official Trailer  Nawazuddin Siddiqui Athiya Shetty  15th November,shubhum, Drama Romance,A woman whose single purpose in life is to marry a foreign-settled groom decides to marry a 36-year-old Dubai-returned professional who is desperate for a bride.,2,0,0,,07-03-2020,09:21,media/Motichoor_Chaknachoor_-_Official_Trailer__Nawazuddin_Siddiqui_Athiya_Shetty__15th_November.jpg,media/Motichoor_Chaknachoor_-_Official_Trailer__Nawazuddin_Siddiqui_Athiya_Shetty__15th_November.mp4
77,d0xo9afl1XnSNUAa,Notebook - Official Trailer  Pranutan Bahl  Zaheer Iqbal  Nitin Kakar  29th Mar 2019,shubhum, Drama Romance,"An epic love story centered around an older man who reads aloud to a woman with Alzheimer's. From a faded notebook, the old man's words bring to life the story about a couple who is separated by World War II, and is then passionately reunited, seven years later, after they have taken different paths.",0,0,0,,07-03-2020,09:21,media/Notebook_-_Official_Trailer__Pranutan_Bahl__Zaheer_Iqbal__Nitin_Kakar__29th_Mar_2019.jpg,media/Notebook_-_Official_Trailer__Pranutan_Bahl__Zaheer_Iqbal__Nitin_Kakar__29th_Mar_2019.mp4
78,7rSAFn1hHa6EYxGh,Panga - Official Trailer  Kangana  Jassie  Richa  Dir Ashwiny Iyer Tiwari   24th Jan 2020,shubhum,,"Punjabi comedy film directed by Virender Singh and produced by Bharat Arora, Arvinder Singh, Gurprit Singh Gujral, Starring Gavie Chahal, Mukul Dev, Khushboo Grewal,Flora Saini, Karan Sekhon (Debut), Veer Vashisht. Movie is produced under banner Blockbuster Motion Pictures. The film revolving around 3 best buddies, but the thriller comes when Mukul Dev enters in their lives.",0,0,0,,07-03-2020,09:21,media/Panga_-_Official_Trailer__Kangana__Jassie__Richa__Dir_Ashwiny_Iyer_Tiwari___24th_Jan_2020.jpg,media/Panga_-_Official_Trailer__Kangana__Jassie__Richa__Dir_Ashwiny_Iyer_Tiwari___24th_Jan_2020.mp4
79,YlfHcrDpH1CNd5Hj,Panipat - Official Trailer Sanjay Dutt Arjun Kapoor Kriti SanonAshutosh GowarikerIn Cinema Now,shubhum, Action Drama History War,"During 18th century India, the Marathas emerged as the most powerful empire in the nation until the Afghan King Ahmad Shah Abdali plans to take over India. Sadashiv Rao Bhau is brought in to save the empire from the king which then leads to the third battle of Panipat.",0,0,0,,07-03-2020,09:21,media/Panipat_-_Official_Trailer_Sanjay_Dutt_Arjun_Kapoor_Kriti_SanonAshutosh_GowarikerI_RohVh5M.jpg,media/Panipat_-_Official_Trailer_Sanjay_Dutt_Arjun_Kapoor_Kriti_SanonAshutosh_GowarikerI_e0wnJja.mp4
80,w5QXHMKDjmCm413R,Prassthanam - Official Trailer  Sanjay Dutt  Jackie Shroff  Deva Katta  20th September 2019,shubhum, Action Drama,A rural politician marries a widow with kids and gains a respectable position and trusts his stepson more than his own in political matters; thus upsetting his son beyond limits.,0,0,0,,07-03-2020,09:21,media/Prassthanam_-_Official_Trailer__Sanjay_Dutt__Jackie_Shroff__Deva_Katta__20th_Septe_SXCCCh9.jpg,media/Prassthanam_-_Official_Trailer__Sanjay_Dutt__Jackie_Shroff__Deva_Katta__20th_Septe_hbgHbqS.mp4
81,2j0XPSrdmdcHMMGd,RAW - Romeo Akbar Walter  Official Trailer  John Abraham  Jackie Shroff  Mouni Roy  5th April,shubhum, Action Crime Thriller,"Mark Kaminsky is kicked out of the FBI for his rough treatment of a suspect. He winds up as the sheriff of a small town in North Carolina. FBI Chief Harry Shannon, whose son has been killed by a mobster named Patrovina, enlists Kaminsky in a personal vendetta with a promise of reinstatement into the FBI if Patrovina is taken down. To accomplish this, he must go undercover and join Patrovina's gang.",0,0,0,,07-03-2020,09:21,media/RAW_-_Romeo_Akbar_Walter__Official_Trailer__John_Abraham__Jackie_Shroff__Mouni_Roy_fKM6EZN.jpg,media/RAW_-_Romeo_Akbar_Walter__Official_Trailer__John_Abraham__Jackie_Shroff__Mouni_Roy_MgOEBuh.mp4
82,hzttQ7eZeTMuFhrQ,Saand Ki Aankh -  Official Trailer Bhumi Pednekar Taapsee Pannu  Tushar Hiranandani  25 Oct,shubhum, Drama,"Following the exciting story of the world's oldest sharpshooters Chandro and Prakashi Tomar, the drama marks the directorial debut of acclaimed scriptwriter Tushar Hiranandani. The film stars Bhumi Pednekar and Taapsee Pannu.",0,0,0,,07-03-2020,09:22,media/Saand_Ki_Aankh_-__Official_Trailer_Bhumi_Pednekar_Taapsee_Pannu__Tushar_Hiranandan_o16Uo2I.jpg,media/Saand_Ki_Aankh_-__Official_Trailer_Bhumi_Pednekar_Taapsee_Pannu__Tushar_Hiranandan_lGOBuDl.mp4
83,mafclmyCvDWagwaO,Sarkar 3 - Official Trailer  Watch Full Movie On Eros Now,shubhum, Crime Drama,"Subhash Nagre or Sarkar, the patriarch of the most powerful family of Maharashtra, continues to hold centre-stage because of his immense clout with the masses. In this outing, the Godfather is joined by his grandson Shivaji Nagre who loves and hates his grandfather with equal intensity. Will Shivaji betray Subhash? Or will he become a prey to his grandfather’s machinations?",0,0,0,,07-03-2020,09:22,media/Sarkar_3_-_Official_Trailer__Watch_Full_Movie_On_Eros_Now.jpg,media/Sarkar_3_-_Official_Trailer__Watch_Full_Movie_On_Eros_Now.mp4
84,4DgcSNp7yJxSqfvH,Simmba - Official Trailer  Ranveer Singh Sara Ali Khan Sonu Sood  Rohit Shetty  December 28,shubhum, Action Drama,A corrupt police officer enjoys all the perks of being an immoral and unethical police officer until an event which transforms his life completely and forces him to choose the righteous path.,0,0,0,,07-03-2020,09:22,media/Simmba_-_Official_Trailer__Ranveer_Singh_Sara_Ali_Khan_Sonu_Sood__Rohit_Shetty__De_2Ukg8XN.jpg,media/Simmba_-_Official_Trailer__Ranveer_Singh_Sara_Ali_Khan_Sonu_Sood__Rohit_Shetty__De_Ja8yTW8.mp4
85,pxHD0jd6X0HYjHvP,Sonchiriya - Official Trailer  Sushant Bhumi P  Manoj B Ranvir S  Abhishek C  1st March 2019,shubhum, Action Crime Drama,"Set in the Chambal valley, the film follows the story of a legion of dreaded, warring dacoits who once terrorized the Indian heartlands.",0,0,0,,07-03-2020,09:22,media/Sonchiriya_-_Official_Trailer__Sushant_Bhumi_P__Manoj_B_Ranvir_S__Abhishek_C__1st__eObvm3e.jpg,media/Sonchiriya_-_Official_Trailer__Sushant_Bhumi_P__Manoj_B_Ranvir_S__Abhishek_C__1st__NqvY7V0.mp4
86,FIC9dMusWz6FD0E1,Sooryavanshi - Official Trailer  Akshay K Ajay D Ranveer S Katrina K  Rohit Shetty  24th March,shubhum, Action Drama,The action-packed adventures of an anti-terror Squad in India.,0,0,0,,07-03-2020,09:22,media/Sooryavanshi_-_Official_Trailer__Akshay_K_Ajay_D_Ranveer_S_Katrina_K__Rohit_Shetty_PZfrzSu.jpg,media/Sooryavanshi_-_Official_Trailer__Akshay_K_Ajay_D_Ranveer_S_Katrina_K__Rohit_Shetty_fUTfMhB.mp4
87,SsDVbq9VIl3WwOrs,Student Of The Year 2 - Trailer  Tiger Shroff  Tara  Ananya  Punit Malhotra  In cinemas now,shubhum, Comedy Drama Romance,"A student must overcome bullies and hardships, both academic and romantic, in order to win his college's coveted Student of the Year trophy.",0,0,0,,07-03-2020,09:22,media/Student_Of_The_Year_2_-_Trailer__Tiger_Shroff__Tara__Ananya__Punit_Malhotra__In_ci_WfSqs9D.jpg,media/Student_Of_The_Year_2_-_Trailer__Tiger_Shroff__Tara__Ananya__Punit_Malhotra__In_ci_eMvObkY.mp4
88,78z12TH6EHLNshtD,Super 30 - Official Trailer  Hrithik Roshan  Vikas Bahl  July 12,shubhum, Drama,Based on life of Patna-based mathematician Anand Kumar who runs the famed Super 30 program for IIT aspirants in Patna.,0,0,0,,07-03-2020,09:22,media/Super_30_-_Official_Trailer__Hrithik_Roshan__Vikas_Bahl__July_12.jpg,media/Super_30_-_Official_Trailer__Hrithik_Roshan__Vikas_Bahl__July_12.mp4
89,UTzSQMpHu1AKHSOb,The Body - Official Trailer  Rishi Kapoor Emraan Hashmi Sobhita Dhulipala Vedhika  13th Dec,shubhum, Mystery Thriller,"When the body of a powerful businesswoman goes missing from the morgue, the inspector-in-charge hunts for the truth. When he questions her husband he realizes that there is much more to the case than meets the eye.",0,0,0,,07-03-2020,09:22,media/The_Body_-_Official_Trailer__Rishi_Kapoor_Emraan_Hashmi_Sobhita_Dhulipala_Vedhika__y5YH3L8.jpg,media/The_Body_-_Official_Trailer__Rishi_Kapoor_Emraan_Hashmi_Sobhita_Dhulipala_Vedhika__fygPP8H.mp4
90,HQ5SvBM2OYrT7J41,The Sky Is Pink - Official Trailer  Priyanka C J Farhan A Zaira W Rohit S  Shonali B  Oct 11,shubhum, Drama Family Romance,The 25-year-old love story of a couple is told through the lens of their spunky teenage daughter who is diagnosed with pulmonary fibrosis.,0,0,0,,07-03-2020,09:22,media/The_Sky_Is_Pink_-_Official_Trailer__Priyanka_C_J_Farhan_A_Zaira_W_Rohit_S__Shonali_GKvrK2h.jpg,media/The_Sky_Is_Pink_-_Official_Trailer__Priyanka_C_J_Farhan_A_Zaira_W_Rohit_S__Shonali_B4wqd8v.mp4
91,nKml8PObVi41JbxJ,The Zoya Factor -  Official Trailer  Sonam K Ahuja  Dulquer Salmaan  Dir Abhishek Sharma  Sep 20,shubhum, Romance,An advertising agency executive Zoya Singh Solanki meets the Indian cricket team and ends up becoming their lucky charm at the 2011 Cricket World Cup.,0,0,0,,07-03-2020,09:22,media/The_Zoya_Factor_-__Official_Trailer__Sonam_K_Ahuja__Dulquer_Salmaan__Dir_Abhishek__knaJ5EF.jpg,media/The_Zoya_Factor_-__Official_Trailer__Sonam_K_Ahuja__Dulquer_Salmaan__Dir_Abhishek__k9ElFDM.mp4
92,jJyCTqVtilKSROGS,Total Dhamaal - Official Trailer  Ajay  Anil  Madhuri  Indra Kumar  Feb 22nd,shubhum, Action Adventure Comedy,"Con-artists Guddu and Johnny, a bickering couple Avinash and Bindu who are on a verge of divorce, a fireman Lallan and his side-kick siblings Adi and Manav and a cunning police commissioner set out on a mad chase for a hidden booty of Rs 50 crores in a zoo in Janakpur.",0,0,0,,07-03-2020,09:22,media/Total_Dhamaal_-_Official_Trailer__Ajay__Anil__Madhuri__Indra_Kumar__Feb_22nd.jpg,media/Total_Dhamaal_-_Official_Trailer__Ajay__Anil__Madhuri__Indra_Kumar__Feb_22nd.mp4
93,Ogpn4zcYbXO0Ym5n,TRAPPED - Official Trailer  Rajkummar Rao  Dir  Vikramaditya Motwane   Releasing 17th March 2017,shubhum, Action Crime Drama Thriller,"When their daughter is kidnapped by experienced nappers (Bacon and Love), the Jennings (Theron and Townsend) turn the tables on this seemingly foolproof plan.",0,0,0,,07-03-2020,09:23,media/TRAPPED_-_Official_Trailer__Rajkummar_Rao__Dir__Vikramaditya_Motwane___Releasing_1_6Wm4C0g.jpg,media/TRAPPED_-_Official_Trailer__Rajkummar_Rao__Dir__Vikramaditya_Motwane___Releasing_1_l2B8VpQ.mp4
94,rZnuqqVTrOpl67TP,Tubelight - Official Teaser  Salman Khan  Kabir Khan,shubhum, Drama War,"Laxman Singh Bisht is nicknamed tube light by his neighbours because he is feeble-minded. Despite being special, Laxman lives by one life-lesson; keep your faith alive and you can do almost anything, even stop a war.",0,0,0,,07-03-2020,09:23,media/Tubelight_-_Official_Teaser__Salman_Khan__Kabir_Khan.jpg,media/Tubelight_-_Official_Teaser__Salman_Khan__Kabir_Khan.mp4
95,dgVAthe0sPAwVIOF,URI - Official Trailer  Vicky Kaushal Yami Gautam Paresh Rawal  Aditya Dhar  11th Jan 2019,shubhum, Action Drama War,"Following the roguish terrorist attacks at Uri Army Base camp in Kashmir, India takes the fight to the enemy, in its most successful covert operation till date with one and only one objective of avenging their fallen heroes.",0,0,0,,07-03-2020,09:23,media/URI_-_Official_Trailer__Vicky_Kaushal_Yami_Gautam_Paresh_Rawal__Aditya_Dhar__11th_Jan_2019.jpg,media/URI_-_Official_Trailer__Vicky_Kaushal_Yami_Gautam_Paresh_Rawal__Aditya_Dhar__11th_Jan_2019.mp4
96,uNTaP9ee2QkZIPU9,Zero - Official Trailer  Shah Rukh Khan  Aanand L Rai  Anushka  Katrina  21 Dec 2018,shubhum, Comedy Drama,"In rural 1977 Georgia, a misfit girl dreams of life in outer space. When a national competition offers her a chance at her dream, to be recorded on NASA’s Golden Record, she recruits a makeshift troupe of Birdie Scouts, forging friendships that last a lifetime and beyond.",0,0,0,,07-03-2020,09:23,media/Zero_-_Official_Trailer__Shah_Rukh_Khan__Aanand_L_Rai__Anushka__Katrina__21_Dec_2018.jpg,media/Zero_-_Official_Trailer__Shah_Rukh_Khan__Aanand_L_Rai__Anushka__Katrina__21_Dec_2018.mp4
97,ZDGk1WX6fNeJUiWo,102 Not Out - Official Trailer  Amitabh Bachchan  Rishi Kapoor  Umesh Shukla  In Cinemas May 4th,shubhum, Comedy Drama Family,"An unusual love-hate relationship between a 75-year-old son and his 102-year-old father, who wants to break the oldest-man-alive record.",0,0,0,,07-03-2020,16:15,media/102_Not_Out_-_Official_Trailer__Amitabh_Bachchan__Rishi_Kapoor__Umesh_Shukla__In_C_lPBsjGw.jpg,media/102_Not_Out_-_Official_Trailer__Amitabh_Bachchan__Rishi_Kapoor__Umesh_Shukla__In_C_EVSOG8v.mp4
98,11ovtGvjqo3dLHPl,Aiyaary - Trailer   Neeraj Pandey  Sidharth Malhotra  Manoj Bajpayee  Releases 16th February 2018,shubhum, Action Thriller,An Indian Army officer is compelled to chase down his protege when the latter turns rogue and threatens to disrupt the country’s government and army.,0,0,0,,07-03-2020,16:15,media/Aiyaary_-_Trailer___Neeraj_Pandey__Sidharth_Malhotra__Manoj_Bajpayee__Releases_16t_5Hl1AV9.jpg,media/Aiyaary_-_Trailer___Neeraj_Pandey__Sidharth_Malhotra__Manoj_Bajpayee__Releases_16t_HCdev81.mp4
99,LKicSOjEW6ZJR3DE,AndhaDhun - Official Trailer  Tabu  Ayushmann Khurrana  Radhika Apte  5th October,shubhum, Crime Thriller,A series of mysterious events changes the life of a blind pianist who now must report a crime that was actually never witnessed by him.,1,0,0,,07-03-2020,16:16,media/AndhaDhun_-_Official_Trailer__Tabu__Ayushmann_Khurrana__Radhika_Apte__5th_October.jpg,media/AndhaDhun_-_Official_Trailer__Tabu__Ayushmann_Khurrana__Radhika_Apte__5th_October.mp4
100,4WMoekW96hcGZm69,Baaghi 2 - Official Trailer  Tiger Shroff  Disha Patani  Sajid Nadiadwala  Ahmed Khan,shubhum, Action,A man embarks on a bloody rampage to save his kidnapped brother.,0,0,0,,07-03-2020,16:16,media/Baaghi_2_-_Official_Trailer__Tiger_Shroff__Disha_Patani__Sajid_Nadiadwala__Ahmed_Khan.jpg,media/Baaghi_2_-_Official_Trailer__Tiger_Shroff__Disha_Patani__Sajid_Nadiadwala__Ahmed_Khan.mp4
101,vzinGs6QnDxoLWuL,Dhadak - Official Trailer  Janhvi & Ishaan  Shashank Khaitan  Karan Johar,shubhum, Comedy Drama Family Romance,"On a cruise to celebrate their parents' 30th wedding anniversary, a brother and sister deal with the impact of family considerations on their romantic lives.",0,0,0,,07-03-2020,16:17,media/Dhadak_-_Official_Trailer__Janhvi__Ishaan__Shashank_Khaitan__Karan_Johar.jpg,media/Dhadak_-_Official_Trailer__Janhvi__Ishaan__Shashank_Khaitan__Karan_Johar.mp4
102,AzrUDi4cEsXEJVRl,Fukrey Returns - Trailer  Pulkit Samrat  Varun Sharma  Manjot Singh  Ali Fazal  Richa Chadha,shubhum, Comedy Drama,"A year after the first movie, the four friends are enjoying their lives to the fullest, get in trouble once again with Bholi, who is released from prison earlier than expected and is broke.",0,0,0,,07-03-2020,16:17,media/Fukrey_Returns_-_Trailer__Pulkit_Samrat__Varun_Sharma__Manjot_Singh__Ali_Fazal__Ri_xLhcnJB.jpg,media/Fukrey_Returns_-_Trailer__Pulkit_Samrat__Varun_Sharma__Manjot_Singh__Ali_Fazal__Ri_SGBSZSc.mp4
103,UPszxm225QJ68dhk,Gold - Theatrical Trailer  Akshay Kumar  Mouni  Kunal  Amit  Vineet  Sunny  15th August 2018,shubhum, Adventure Comedy Romance,"Treasure hunter Ben 'Finn' Finnegan has sunk both his trusty boat and his marriage to Tess in his obsessive quest to find the legendary 'Queen's Dowry' treasure. When he finds a vital clue that may finally pinpoint the treasure's whereabouts, he drags Tess and her boss along on the hunt. But Finn is not the only one interested in the gold—his former mentor-turned-enemy will stop at nothing to beat him to it.",0,0,0,,07-03-2020,16:17,media/Gold_-_Theatrical_Trailer__Akshay_Kumar__Mouni__Kunal__Amit__Vineet__Sunny__15th_A_ywSFQlj.jpg,media/Gold_-_Theatrical_Trailer__Akshay_Kumar__Mouni__Kunal__Amit__Vineet__Sunny__15th_A_cUeuVNW.mp4
104,J5mtxCMGUHx4VR11,Helicopter Eela -  Official Trailer  Kajol  Riddhi Sen  Pradeep Sarkar  Releasing 12th October,shubhum, Drama,"Eela, an aspiring playback singer, and single mother has given up all her dreams to raise her only son, who backlashes her for invading his privacy.",0,0,0,,07-03-2020,16:23,media/Helicopter_Eela_-__Official_Trailer__Kajol__Riddhi_Sen__Pradeep_Sarkar__Releasing__1TwXrSH.jpg,media/Helicopter_Eela_-__Official_Trailer__Kajol__Riddhi_Sen__Pradeep_Sarkar__Releasing__FedvLr9.mp4
105,31m6tpBKa8ADFe9R,Ittefaq - Trailer  Sidharth Malhotra Sonakshi Sinha Akshaye Khanna,shubhum, Crime Mystery Thriller,"Taking place almost entirely over the course of one stormy night, a woman is terrified when an accused murderer escapes from a mental hospital and seeks refuge in her home.",0,0,0,,07-03-2020,16:23,media/Ittefaq_-_Trailer__Sidharth_Malhotra_Sonakshi_Sinha_Akshaye_Khanna.jpg,media/Ittefaq_-_Trailer__Sidharth_Malhotra_Sonakshi_Sinha_Akshaye_Khanna.mp4
106,klk9XKl47Q5NQD7w,Jia Aur Jia - Official Trailer  Richa Chadha  Kalki Koechlin  Arslan  Howard Rosemeyer  27 Oct,shubhum, Drama,"A story about two starkly different women that share the same name. Together, they embark on a life-changing journey heading towards the same fate.",0,0,0,,07-03-2020,16:23,media/Jia_Aur_Jia_-_Official_Trailer__Richa_Chadha__Kalki_Koechlin__Arslan__Howard_Rosem_zL1bNrk.jpg,media/Jia_Aur_Jia_-_Official_Trailer__Richa_Chadha__Kalki_Koechlin__Arslan__Howard_Rosem_IUGBhbO.mp4
107,E888jBtfjdPvNLUh,Karwaan - Official Trailer  Irrfan Khan  DulQuer Salmaan  Mithila Palkar  3rd Aug 2018,shubhum, Adventure Comedy,"Avinash, a dejected soul stuck in a dead-end job shares a strange relationship with his father. He holds him responsible for crushing his dreams. However, he is left pondering upon this longstanding hatred when he hears of his father’s untimely demise.",0,0,0,,07-03-2020,16:24,media/Karwaan_-_Official_Trailer__Irrfan_Khan__DulQuer_Salmaan__Mithila_Palkar__3rd_Aug_2018.jpg,media/Karwaan_-_Official_Trailer__Irrfan_Khan__DulQuer_Salmaan__Mithila_Palkar__3rd_Aug_2018.mp4
108,Yda7RZAY7r3PZFgi,Loveyatri - Official Trailer  Aayush Sharma  Warina Hussain  Abhiraj Minawala  5th October 2018,shubhum, Drama Romance,"Romance blossoms between young Sushrut and Michelle when they meet during the festival of Navratri. When Michelle returns home to the United Kingdom, Sushrut embarks on an adventurous journey through a strange land to win back the woman he loves.",0,0,0,,07-03-2020,16:24,media/Loveyatri_-_Official_Trailer__Aayush_Sharma__Warina_Hussain__Abhiraj_Minawala__5th_GiXd8qe.jpg,media/Loveyatri_-_Official_Trailer__Aayush_Sharma__Warina_Hussain__Abhiraj_Minawala__5th_mVN9pCW.mp4
109,bLhAN7ZJJSaqQu2q,Manmarziyaan -  Official Trailer  Abhishek Bachchan Taapsee Pannu Vicky Kaushal Anurag Kashyap,shubhum, Drama Romance,A spirited girl finds herself caught in a complicated love triangle while burdened with societal and familial pressures.,0,0,0,,07-03-2020,16:24,media/Manmarziyaan_-__Official_Trailer_Abhishek_Bachchan_Taapsee_Pannu_Vicky_Kaushal_Anu_Kd0gx6J.jpg,media/Manmarziyaan_-__Official_Trailer_Abhishek_Bachchan_Taapsee_Pannu_Vicky_Kaushal_Anu_TJQ1IPH.mp4
110,SOh7qpj8T4u0kKui,Mukkabaaz - Official Trailer  Watch Full Movie On Eros Now,shubhum, Drama,A low caste boxer (Shravan) trains at a gym controlled by a local Don (Bhagwan Das Mishra). Shravan falls for Mishra's niece (Sunaina). The Don does not approve of this match. Shravan strives to win Sunaina's hand in marriage and become a successful boxer while trying to avoid retaliation from the Don.,0,0,0,,07-03-2020,16:24,media/Mukkabaaz_-_Official_Trailer__Watch_Full_Movie_On_Eros_Now.jpg,media/Mukkabaaz_-_Official_Trailer__Watch_Full_Movie_On_Eros_Now.mp4
111,eI6J6IwCINdlc9je,Namaste England - Official Trailer  Arjun Kapoor Parineeti Chopra  Vipul Amrutlal Shah  Oct 19,shubhum, Comedy Romance,"Param and Jasmeet fall in love and they get married. Their perfect romance gets disturbed by Jasmeet’s suppressed ambition however, she has dreams of going to London so that she can pursue her career and build a better life for herself. But Param unable to get a visa and that creates some high drama in their love life.",0,0,0,,07-03-2020,16:24,media/Namaste_England_-_Official_Trailer__Arjun_Kapoor_Parineeti_Chopra__Vipul_Amrutlal__5X7UHSf.jpg,media/Namaste_England_-_Official_Trailer__Arjun_Kapoor_Parineeti_Chopra__Vipul_Amrutlal__lFWYD4O.mp4
112,EKrvNGdQYjSbKPuJ,October - Official Trailer  Varun Dhawan  Banita Sandhu  Shoojit Sircar,shubhum, Drama Family,"Based on the true story of Homer Hickam, a coal miner's son who was inspired by the first Sputnik launch to take up rocketry against his father's wishes, and eventually became a NASA scientist.",0,0,0,,07-03-2020,16:25,media/October_-_Official_Trailer__Varun_Dhawan__Banita_Sandhu__Shoojit_Sircar.jpg,media/October_-_Official_Trailer__Varun_Dhawan__Banita_Sandhu__Shoojit_Sircar.mp4
113,fwg2zbNSQjOkwyin,Padmavat - Official Trailer,shubhum, Drama History Music Romance War,"Rajputana, India, 13th century. The tyrannical usurper Alauddin Khilji, sultan of Delhi, becomes obsessed with Queen Padmavati, wife of King Ratan Singh of Mewar, and goes to great lengths to satisfy his greed for her.",0,0,0,,07-03-2020,16:25,media/Padmavat_-_Official_Trailer.jpg,media/Padmavat_-_Official_Trailer.mp4
114,PptvKQmr8vpx3LAC,Pari - Trailer  Anushka Sharma  Parambrata Chatterjee  Releasing on Mar 2,shubhum, Drama,"Iranian mother Pari’s search for her missing son in Athens will force her on a journey to the dark corners of the city, as well as into the hidden depth of her own self.",0,0,0,,07-03-2020,16:25,media/Pari_-_Trailer__Anushka_Sharma__Parambrata_Chatterjee__Releasing_on_Mar_2.jpg,media/Pari_-_Trailer__Anushka_Sharma__Parambrata_Chatterjee__Releasing_on_Mar_2.mp4
115,vhz4xK23Y0VWAGrk,Race 3 - Official Trailer  Salman Khan  Remo DSouza  Releasing on 15th June 2018  Race3ThisEID,shubhum, Action Thriller,"The Singh family comprises of Shamsher his step-son Sikandar, twins Suraj and Sanjana. They run a business of illegal arms and trade with the help of their friend Yash. Things get dramatic when Jessica meets Sikandar and the family ties are strained under each character’s ulterior motives.",0,0,0,,07-03-2020,16:25,media/Race_3_-_Official_Trailer__Salman_Khan__Remo_DSouza__Releasing_on_15th_June_2018___tS5McIT.jpg,media/Race_3_-_Official_Trailer__Salman_Khan__Remo_DSouza__Releasing_on_15th_June_2018___GdwcPSM.mp4
116,c7OiWaqDV5iue5Kp,Saheb Biwi Aur Gangster 3 - Official Trailer  Sanjay Dutt Jimmy Shergill  Mahi Gill Chitrangada,shubhum, Action Drama Thriller,"It’s the third edition of Saheb, Biwi Aur Gangster series where it’s survival of the wittiest and the wealthiest. Will the royal couple Madhavi Devi and Aditya Pratap Singh live to tell the tale of relentless plotting, scheming and backstabbing?",0,0,0,,07-03-2020,16:25,media/Saheb_Biwi_Aur_Gangster_3_-_Official_Trailer__Sanjay_Dutt_Jimmy_Shergill__Mahi_Gil_AOf5Oif.jpg,media/Saheb_Biwi_Aur_Gangster_3_-_Official_Trailer__Sanjay_Dutt_Jimmy_Shergill__Mahi_Gil_tvkzc1q.mp4
117,qWUe8vrQC9tImrbg,Sanju - Official Trailer  Ranbir Kapoor  Rajkumar Hirani  Releasing on 29th June,shubhum,,"Sanju and Geeta are all set to get married. Unfortunately, the day before their wedding Geeta is kidnapped, and Sanju kills the kidnappers, and is sent to the jail. Can Sanju and Geetha ever meet?",0,0,0,,07-03-2020,16:26,media/Sanju_-_Official_Trailer__Ranbir_Kapoor__Rajkumar_Hirani__Releasing_on_29th_June.jpg,media/Sanju_-_Official_Trailer__Ranbir_Kapoor__Rajkumar_Hirani__Releasing_on_29th_June.mp4
118,YnqQvfXFQCLUqlv9,Shaadi Mein Zaroor Aana - Official Trailer   Rajkummar Rao  Kriti Kharbanda,shubhum, Family Romance,"Satyendra aka Sattu and Aarti meet for a proposed arranged marriage and fall in love in the process. On the night of their marriage, an unexpected turn of events turns their world upside down. Set in the backdrop of India's civil services, Shaadi Mein Zaroor Aana explores the challenges that Satyendra and Aarti face as a middle-class couple in India.",0,0,0,,07-03-2020,16:26,media/Shaadi_Mein_Zaroor_Aana_-_Official_Trailer___Rajkummar_Rao__Kriti_Kharbanda.jpg,media/Shaadi_Mein_Zaroor_Aana_-_Official_Trailer___Rajkummar_Rao__Kriti_Kharbanda.mp4
119,795GwzoiGdu7VHBs,Soorma - Official Trailer  Diljit Dosanjh  Taapsee Pannu  Angad Bedi,shubhum,,,0,0,0,,07-03-2020,16:26,media/Soorma_-_Official_Trailer__Diljit_Dosanjh__Taapsee_Pannu__Angad_Bedi.jpg,media/Soorma_-_Official_Trailer__Diljit_Dosanjh__Taapsee_Pannu__Angad_Bedi.mp4
120,Rf23fjW3tl6JElQM,Stree - Official Trailer  Rajkummar Rao Shraddha Kapoor Dinesh Vijan Raj&DK Amar Kaushik  Aug 31,shubhum, Drama,"During the liberation of India, an old-fashioned man must examine his priorities.",0,0,0,,07-03-2020,16:26,media/Stree_-_Official_Trailer__Rajkummar_Rao_Shraddha_Kapoor_Dinesh_Vijan_RajDK_Amar_Ka_u9hKA6N.jpg,media/Stree_-_Official_Trailer__Rajkummar_Rao_Shraddha_Kapoor_Dinesh_Vijan_RajDK_Amar_Ka_vlLvynC.mp4
121,aqOYZZ9bciQ2LHfa,Yamla Pagla Deewana Phir Se -  Trailer  Dharmendra  Sunny Deol  Bobby Deol  Navaniat Singh,shubhum, Comedy Drama,An upright Ayurveda practitioner is hounded by big pharma giants for his age-old formula called Vajra Kawach that cures everything from pimples to impotency. But how long can he keep this magic pill only for the poor?,0,0,0,,07-03-2020,16:26,media/Yamla_Pagla_Deewana_Phir_Se_-__Trailer__Dharmendra__Sunny_Deol__Bobby_Deol__Navaniat_Singh.jpg,media/Yamla_Pagla_Deewana_Phir_Se_-__Trailer__Dharmendra__Sunny_Deol__Bobby_Deol__Navaniat_Singh.mp4
